{"cameraMode":{"drawMode":0,"name":"Shaded","section":"Shading Mode"},"sceneLighting":true,"audioPlay":false,"sceneViewState":{"m_AlwaysRefresh":false,"showFog":true,"showSkybox":true,"showFlares":true,"showImageEffects":true,"showParticleSystems":true,"showVisualEffectGraphs":true,"m_FxEnabled":true},"in2DMode":false,"pivot":{"x":21.970388412475587,"y":-0.17754316329956056,"z":-0.7760801315307617},"rotation":{"x":-0.05107255280017853,"y":-0.8654142022132874,"z":0.09016266465187073,"w":-0.4902244210243225},"size":15.366974830627442,"orthographic":false}