{"cameraMode":{"drawMode":0,"name":"Shaded","section":"Shading Mode"},"sceneLighting":true,"audioPlay":false,"sceneViewState":{"m_AlwaysRefresh":false,"showFog":true,"showSkybox":true,"showFlares":true,"showImageEffects":true,"showParticleSystems":true,"showVisualEffectGraphs":true,"m_FxEnabled":true},"in2DMode":false,"pivot":{"x":-9.594915390014649,"y":6.9093523025512699,"z":-72.04076385498047},"rotation":{"x":-0.00022749582421965897,"y":0.9997487664222717,"z":-0.018895236775279046,"w":-0.0120163569226861},"size":48.31291961669922,"orthographic":false}