{"cameraMode":{"drawMode":0,"name":"Shaded","section":"Shading Mode"},"sceneLighting":false,"audioPlay":false,"sceneViewState":{"m_AlwaysRefresh":false,"showFog":true,"showSkybox":false,"showFlares":true,"showImageEffects":true,"showParticleSystems":true,"showVisualEffectGraphs":true,"m_FxEnabled":true},"in2DMode":false,"pivot":{"x":2.188080072402954,"y":-0.7269127368927002,"z":2.564507484436035},"rotation":{"x":-0.21595551073551179,"y":-0.034559499472379687,"z":0.007648656610399485,"w":-0.9757609963417053},"size":1.1660254001617432,"orthographic":false}