{"cameraMode":{"drawMode":0,"name":"Shaded","section":"Shading Mode"},"sceneLighting":false,"audioPlay":false,"sceneViewState":{"m_AlwaysRefresh":false,"showFog":true,"showSkybox":false,"showFlares":true,"showImageEffects":true,"showParticleSystems":true,"showVisualEffectGraphs":true,"m_FxEnabled":true},"in2DMode":false,"pivot":{"x":2.509000062942505,"y":-0.33000001311302187,"z":2.0999999046325685},"rotation":{"x":-0.26969707012176516,"y":0.35239022970199587,"z":-0.10681381076574326,"w":-0.8897608518600464},"size":1.1598079204559327,"orthographic":false}